feature1,y
2.045285950678326,0
0.8987460539146312,0
-0.915743262243802,0
0.6866500532864233,0
0.49825563870649814,1
-0.5618998944972405,1
1.4670597718201335,1
-0.6304317683832609,1
0.32221817737254166,1
0.362697676779278,0
